{
  "(0, 0)": 0.9786592679270557,
  "(0, 1)": 0.9747013735563268,
  "(0, 2)": 0.9719638425355883,
  "(1, 0)": 0.9794902403653827,
  "(1, 2)": 0.9691955329887114,
  "(2, 0)": 0.982791800224104,
  "(2, 1)": 0.8708681759661231,
  "(2, 2)": 0.9567421944339574,
  "(3, 0)": 0,
  "(3, 1)": 0,
  "(3, 2)": 0.7475276419829273
}