{
  "Direction.DOWN": {
    "1": 0.02069776023916049,
    "X": 0.012189738656419603,
    "Y": 0.010320656453889049
  },
  "Direction.LEFT": {
    "1": 0.011964438770014355,
    "X": -0.015788218429832475,
    "Y": -0.01015359085165621
  },
  "Direction.RIGHT": {
    "1": 0.18822839062705088,
    "X": 0.07926724197744897,
    "Y": -0.06550583975057431
  },
  "Direction.UP": {
    "1": -0.078690623968748,
    "X": -0.09441748449758021,
    "Y": -0.07204250925261779
  }
}