{
  "(0, 0)": {
    "Direction.DOWN": 0.5992542724597907,
    "Direction.LEFT": 0.6198941208085478,
    "Direction.RIGHT": 0.7583234416937655,
    "Direction.UP": 0.7049890407194286
  },
  "(0, 1)": {
    "Direction.DOWN": 0.5068837941918336,
    "Direction.LEFT": 0.5718362638754032,
    "Direction.RIGHT": 0.5756194842371783,
    "Direction.UP": 0.6514293509886491
  },
  "(0, 2)": {
    "Direction.DOWN": 0.47241558298329833,
    "Direction.LEFT": 0.5373874690265267,
    "Direction.RIGHT": 0.4459669948491059,
    "Direction.UP": 0.5561184303929101
  },
  "(1, 0)": {
    "Direction.DOWN": 0.7646375321029267,
    "Direction.LEFT": 0.6618798590953939,
    "Direction.RIGHT": 0.8743753775665329,
    "Direction.UP": 0.760285837359919
  },
  "(1, 2)": {
    "Direction.DOWN": 0.44159619049003335,
    "Direction.LEFT": 0.48786838048839504,
    "Direction.RIGHT": 0.4526991286219767,
    "Direction.UP": 0.44238018883746977
  },
  "(2, 0)": {
    "Direction.DOWN": 0.6388441357425255,
    "Direction.LEFT": 0.7568057564832242,
    "Direction.RIGHT": 0.9808195944662265,
    "Direction.UP": 0.8880615101196042
  },
  "(2, 1)": {
    "Direction.DOWN": 0.3961657444478354,
    "Direction.LEFT": 0.550353444175049,
    "Direction.RIGHT": -0.7985038647580185,
    "Direction.UP": 0.6910494981422192
  },
  "(2, 2)": {
    "Direction.DOWN": 0.4492347581589749,
    "Direction.LEFT": 0.4427931135696438,
    "Direction.RIGHT": 0.41615531642864834,
    "Direction.UP": 0.5149942476414289
  },
  "(3, 2)": {
    "Direction.DOWN": 0.4179728112317665,
    "Direction.LEFT": 0.2737169851835157,
    "Direction.RIGHT": -0.4613826097081901,
    "Direction.UP": -0.8495101443566916
  }
}