{
  "(0, 0)": {
    "Direction.DOWN": 0.361181923924385,
    "Direction.LEFT": 0.37026789750808364,
    "Direction.RIGHT": 0.4956900011630383,
    "Direction.UP": 0.4619763213897318
  },
  "(0, 1)": {
    "Direction.DOWN": 0.2925593075364248,
    "Direction.LEFT": 0.3493152657072405,
    "Direction.RIGHT": 0.3463502873892777,
    "Direction.UP": 0.39760544842407486
  },
  "(0, 2)": {
    "Direction.DOWN": 0.24575510668354572,
    "Direction.LEFT": 0.3058866174863759,
    "Direction.RIGHT": 0.23973274553472115,
    "Direction.UP": 0.3044449240836134
  },
  "(1, 0)": {
    "Direction.DOWN": 0.5478015471347634,
    "Direction.LEFT": 0.42025113410428505,
    "Direction.RIGHT": 0.681135586575784,
    "Direction.UP": 0.5554582667778117
  },
  "(1, 2)": {
    "Direction.DOWN": 0.21959140012163728,
    "Direction.LEFT": 0.2695980169421577,
    "Direction.RIGHT": 0.143076744175024,
    "Direction.UP": 0.20726504228598366
  },
  "(2, 0)": {
    "Direction.DOWN": 0.21499897282553226,
    "Direction.LEFT": 0.5043983603537655,
    "Direction.RIGHT": 0.9378808990447871,
    "Direction.UP": 0.6859458861315697
  },
  "(2, 1)": {
    "Direction.DOWN": 0.06071305797203211,
    "Direction.LEFT": 0.1886393592756489,
    "Direction.RIGHT": -0.8146973023842883,
    "Direction.UP": 0.4640027590173502
  },
  "(2, 2)": {
    "Direction.DOWN": 0.13306688286264348,
    "Direction.LEFT": 0.2193871690191315,
    "Direction.RIGHT": -0.13773363865515084,
    "Direction.UP": 0.06371804420426042
  },
  "(3, 2)": {
    "Direction.DOWN": -0.07345049649063606,
    "Direction.LEFT": -0.1554768021486926,
    "Direction.RIGHT": -0.6223431804429572,
    "Direction.UP": -0.8816803463225025
  }
}