{
  "(0, 0)": 0.961273201073546,
  "(0, 1)": 0.9492872509354718,
  "(0, 2)": 0.9360100733601939,
  "(1, 0)": 0.9749087327331478,
  "(1, 2)": 0.9243391248145556,
  "(2, 0)": 0.9872181864292733,
  "(2, 1)": 0.9038746057856077,
  "(2, 2)": 0.9118314903728115,
  "(3, 0)": 0,
  "(3, 1)": 0,
  "(3, 2)": 0.8281772252009929
}