{
  "Direction.DOWN": {
    "1": 0.04996000317141947,
    "X": 0.019876992231120005,
    "Y": 0.00979550253397168
  },
  "Direction.LEFT": {
    "1": 0.00571670756368424,
    "X": 0.0005174244000000002,
    "Y": 0.003947448938210543
  },
  "Direction.RIGHT": {
    "1": 0.05348116738314548,
    "X": 0.020370457073739752,
    "Y": 0.03302951991923108
  },
  "Direction.UP": {
    "1": 0.0028176795703231203,
    "X": 0.0011270718281292482,
    "Y": 0.0022541436562584964
  }
}