{
  "(0, 0)": 0.7649280000000003,
  "(0, 1)": 0.9224192000000002,
  "(0, 2)": 0.98320384,
  "(0, 3)": 0.9710469120000002,
  "(0, 4)": 0.9581715456000002,
  "(1, 0)": 0.9224192000000002,
  "(1, 2)": 0.9996800000000001,
  "(1, 4)": 0.9710469120000002,
  "(2, 0)": 0.98320384,
  "(2, 1)": 0.9996800000000001,
  "(2, 2)": 0,
  "(2, 3)": 0.9996800000000001,
  "(2, 4)": 0.9939533824000001,
  "(3, 0)": 0.9710469120000002,
  "(3, 2)": 0.9996800000000001,
  "(3, 4)": 0.9893720883200002,
  "(4, 0)": 0.8909209600000003,
  "(4, 1)": 0.9224192000000002,
  "(4, 2)": 0.98320384,
  "(4, 3)": 0.9710469120000002,
  "(4, 4)": 0.9646092288000002
}