{
  "(0, 0)": 34.31225341713222,
  "(0, 1)": 33.380190856913785,
  "(0, 2)": 31.28872590957033,
  "(1, 0)": 33.380190857803385,
  "(1, 1)": 31.776344040428285,
  "(1, 2)": 30.12300772342222,
  "(2, 0)": 0,
  "(2, 1)": 28.094135132465183,
  "(2, 2)": 28.480879592106852
}