{
  "Direction.DOWN": {
    "1": 7.971679424779241,
    "X": 1.3582504666240092,
    "Y": 0.40233214721758526
  },
  "Direction.LEFT": {
    "1": 11.092785874539823,
    "X": -0.010541972366558447,
    "Y": -1.2253996366730504
  },
  "Direction.RIGHT": {
    "1": 8.326857125122118,
    "X": 1.5398562058029206,
    "Y": -0.007815036603951206
  },
  "Direction.UP": {
    "1": 12.383507908776123,
    "X": -3.7871573876524947,
    "Y": -1.6656849722285723
  }
}