{
  "(0, 0)": 250.87119653684462,
  "(0, 1)": 249.94909517693011,
  "(0, 2)": 245.1192952320543,
  "(1, 0)": 249.94909517693011,
  "(1, 1)": 245.597445426597,
  "(1, 2)": 241.34143054497238,
  "(2, 0)": 0,
  "(2, 1)": 233.9793775287856,
  "(2, 2)": 236.74403037399327
}