{
  "(0, 0)": 8.511150928220236,
  "(0, 1)": 8.2739513129153,
  "(0, 2)": 7.054313935594768,
  "(1, 0)": 9.608148301016996,
  "(1, 1)": 8.474728602128828,
  "(1, 2)": 7.30934858610313,
  "(2, 0)": 0,
  "(2, 1)": 9.608287690236581,
  "(2, 2)": 8.241699321640171
}