{
  "(0, 0)": 8.291055488939428,
  "(0, 1)": 7.9799945031653525,
  "(0, 2)": 6.679209779801527,
  "(1, 0)": 9.570986792577088,
  "(1, 1)": 8.317768687999555,
  "(1, 2)": 7.048609748426423,
  "(2, 0)": 0,
  "(2, 1)": 9.570986792577088,
  "(2, 2)": 8.077729084145693
}