{
  "(0, 0)": 7.797018496669309,
  "(0, 1)": 6.621840871374533,
  "(0, 2)": 5.650223370198773,
  "(1, 0)": 9.557514418223445,
  "(1, 1)": 8.195156472922466,
  "(1, 2)": 6.862738649347243,
  "(2, 0)": 0,
  "(2, 1)": 9.557514418223445,
  "(2, 2)": 8.045463424548663
}