{
  "(0, 0)": 0.7166324862488436,
  "(0, 1)": 0.6292382806087407,
  "(0, 2)": 0.5452044039791614,
  "(1, 0)": 0.8270890517106402,
  "(1, 2)": 0.47871606203048317,
  "(2, 0)": 0.9419625311148958,
  "(2, 1)": 0.6353989257172802,
  "(2, 2)": 0.5283012560462123,
  "(3, 0)": 0,
  "(3, 1)": 0,
  "(3, 2)": 0.30810648830029985
}